{
    "data": {
        "e0": {
            "title": "Web search, 20 Mbps, 1ms",
            "mean": [
                0.10667770556901815,
                0.12916214873905119,
                0.15487599993202528,
                0.10131956657391411,
                0.11458373854405883,
                0.13003873595194282,
                0.14771459666273293,
                0.10594369401102086,
                0.1544742243764607,
                0.14703800221116775
            ],
            "conf95": [
                [
                    0.06662836086252263,
                    0.14672705027551367
                ],
                [
                    0.0932038271628165,
                    0.16512047031528587
                ],
                [
                    0.12552806334177116,
                    0.1842239365222794
                ],
                [
                    0.07936619283066587,
                    0.12327294031716235
                ],
                [
                    0.09518721308137025,
                    0.1339802640067474
                ],
                [
                    0.11017393284240859,
                    0.14990353906147705
                ],
                [
                    0.12824738992647738,
                    0.16718180339898847
                ],
                [
                    0.0910979502004465,
                    0.12078943782159521
                ],
                [
                    0.13390321615709821,
                    0.17504523259582316
                ],
                [
                    0.12967552269174845,
                    0.16440048173058705
                ]
            ],
            "conf99": [
                [
                    0.05366645728701259,
                    0.15968895385102372
                ],
                [
                    0.08173768978560658,
                    0.1765866076924958
                ],
                [
                    0.11621863963704032,
                    0.19353336022701023
                ],
                [
                    0.07241710878196188,
                    0.13022202436586633
                ],
                [
                    0.08905722624164078,
                    0.14011025084647688
                ],
                [
                    0.10390138748529751,
                    0.15617608441858813
                ],
                [
                    0.1221050558698976,
                    0.17332413745556827
                ],
                [
                    0.08641599129546551,
                    0.1254713967265762
                ],
                [
                    0.12741850630821366,
                    0.18152994244470771
                ],
                [
                    0.1242038427635485,
                    0.169872161658787
                ]
            ]
        },
        "e1": {
            "title": "Data mining, 20 Mbps, 1ms",
            "mean": [
                0.09703533283462412,
                0.14804555003058154,
                0.28385582984766505,
                0.17892338848171258,
                0.24410181565023228,
                0.2242900761053274,
                0.2959296700260967,
                0.46126840198568814,
                0.35953961367255843,
                0.49043600219434447
            ],
            "conf95": [
                [
                    0.06530863442418469,
                    0.12876203124506355
                ],
                [
                    0.1081612667321779,
                    0.18792983332898516
                ],
                [
                    0.24399397699137176,
                    0.32371768270395834
                ],
                [
                    0.1511249770952901,
                    0.20672179986813505
                ],
                [
                    0.21555798911347354,
                    0.27264564218699106
                ],
                [
                    0.1978677574659249,
                    0.2507123947447299
                ],
                [
                    0.2698759769062459,
                    0.32198336314594755
                ],
                [
                    0.43125015178166065,
                    0.4912866521897156
                ],
                [
                    0.33388430701540545,
                    0.3851949203297114
                ],
                [
                    0.46413532318376205,
                    0.5167366812049269
                ]
            ],
            "conf99": [
                [
                    0.05503083659172421,
                    0.13903982907752405
                ],
                [
                    0.09543842563819421,
                    0.20065267442296886
                ],
                [
                    0.23134376633000966,
                    0.33636789336532047
                ],
                [
                    0.14232353191048397,
                    0.21552324505294118
                ],
                [
                    0.20653555281917083,
                    0.2816680784812937
                ],
                [
                    0.18952383526773453,
                    0.25905631694292025
                ],
                [
                    0.26165447437236194,
                    0.3302048656798315
                ],
                [
                    0.4217818775160984,
                    0.5007549264552779
                ],
                [
                    0.32579613973174837,
                    0.3932830876133685
                ],
                [
                    0.45584570469072316,
                    0.5250262996979658
                ]
            ]
        }
    }
}