{
    "data": {
        "e0": {
            "title": "Web search, 20 Mbps, 1ms",
            "mean": [
                0.09143230293979286,
                0.13292031162956847,
                0.11556603848411244,
                0.12808805150478292,
                0.1297208304493574,
                0.09027958965816651,
                0.20589070056753295,
                0.12381962478784772,
                0.09896414733661019,
                0.16949491569119596
            ],
            "p95": [
                0.11680396899973856,
                1.055440229504893,
                1.0433467510978516,
                1.0535803733953797,
                1.0522019833566445,
                0.11817652925819856,
                1.0902658692983096,
                0.13407964065190753,
                0.48119153459265324,
                1.0684631772586726
            ],
            "p99": [
                1.09313751149748,
                1.0876455789463941,
                1.0866570588570903,
                1.0823773696794523,
                1.084911952747061,
                1.0761549806786934,
                1.4849406408991468,
                1.0883678581897402,
                1.073058569789864,
                1.805699105099918
            ],
            "p5": [
                0.019815965800080448,
                0.021722301602130754,
                0.01233455729598063,
                0.02228535230315174,
                0.019825437454710482,
                0.018325424495560582,
                0.01256635285608354,
                0.046197781288356055,
                0.01922958939394448,
                0.012492692290834384
            ],
            "p1": [
                0.017894501491828124,
                0.01899409543912043,
                0.01089897103360272,
                0.019127486637880792,
                0.018374413572164485,
                0.017534724481229204,
                0.010687871393020031,
                0.04444553443754558,
                0.017737924195243976,
                0.010790134693816072
            ]
        }
    }
}