{
    "data": {
        "e0": {
            "title": "Web search, 20 Mbps, 1ms",
            "mean": [
                0.17487268839904574,
                0.1495426163986849,
                0.08377047141895615,
                0.1016827788484079,
                0.13872776578400767,
                0.02042459968336819,
                0.19375996856333713,
                0.18056879346186178,
                0.18641969064860808,
                0.15846915496978908
            ],
            "conf95": [
                [
                    -0.05034867033917584,
                    0.4000940471372673
                ],
                [
                    0.006485154624837675,
                    0.29260007817253214
                ],
                [
                    0.018480055091563655,
                    0.14906088774634862
                ],
                [
                    0.03156738355284233,
                    0.17179817414397347
                ],
                [
                    0.07178076051308871,
                    0.20567477105492663
                ],
                [
                    0.01941948000647529,
                    0.02142971936026109
                ],
                [
                    0.11865721544079742,
                    0.2688627216858768
                ],
                [
                    0.11289029616544609,
                    0.24824729075827745
                ],
                [
                    0.12105920453646181,
                    0.25178017676075437
                ],
                [
                    0.10422584884225194,
                    0.21271246109732622
                ]
            ],
            "max": [
                1.0703523789998144,
                1.0439281889994163,
                1.04124227000284,
                1.044883979993756,
                1.0880682669958333,
                0.0380434359976789,
                1.088813456997741,
                1.106489893005346,
                1.099019422006677,
                1.1321022780030034
            ],
            "min": [
                0.05476823600474745,
                0.042947705995175056,
                0.04228192700247746,
                0.042560685993521474,
                0.05021252098958939,
                0.017009696006425656,
                0.050066658994182944,
                0.050390796008287,
                0.03344330999243539,
                0.04858259399770759
            ]
        },
        "e1": {
            "title": "Web search, 20 Mbps, 1ms",
            "mean": [
                0.08538414849899709,
                0.0796189674991183,
                0.04949020109544959,
                0.022191047750311554,
                0.1773263933333938,
                0.11719915864887298,
                0.1244016761131565,
                0.16828493387474736,
                0.014331001219573779,
                0.11939996921020793
            ],
            "conf95": [
                [
                    0.08234809896750361,
                    0.08842019803049056
                ],
                [
                    0.07081490974362052,
                    0.08842302525461608
                ],
                [
                    0.04609037744138089,
                    0.05289002474951829
                ],
                [
                    0.020134185201182757,
                    0.024247910299440352
                ],
                [
                    0.09241274717598731,
                    0.2622400394908003
                ],
                [
                    0.05122837103762751,
                    0.18316994626011845
                ],
                [
                    0.07500883813755965,
                    0.17379451408875335
                ],
                [
                    0.10504141758167447,
                    0.23152845016782025
                ],
                [
                    0.013422017983753282,
                    0.015239984455394276
                ],
                [
                    0.08051084530492833,
                    0.15828909311548753
                ]
            ],
            "max": [
                0.09088287300255615,
                0.11733887100126594,
                0.07877583400113508,
                0.05259493501216639,
                1.111255870986497,
                1.0715999839885626,
                1.1201687770080753,
                1.0858179739880143,
                0.031511139997746795,
                1.0822249290067703
            ],
            "min": [
                0.07469659499474801,
                0.051607674002298154,
                0.04229959899384994,
                0.016652560007059947,
                0.05149816200719215,
                0.0430212719948031,
                0.05056332200183533,
                0.05108407200896181,
                0.009695204003946856,
                0.048791869994602166
            ]
        }
    }
}